{"cameraMode":{"drawMode":0,"name":"Shaded","section":"Shading Mode"},"sceneLighting":false,"audioPlay":false,"sceneViewState":{"m_AlwaysRefresh":false,"showFog":true,"showSkybox":false,"showFlares":true,"showImageEffects":true,"showParticleSystems":true,"showVisualEffectGraphs":true,"m_FxEnabled":true},"in2DMode":false,"pivot":{"x":-0.014082908630371094,"y":-0.08431506156921387,"z":0.08316421508789063},"rotation":{"x":-0.027117742225527765,"y":-0.1175851970911026,"z":0.0032132137566804888,"w":-0.99269700050354},"size":6.846597671508789,"orthographic":false}