{"cameraMode":{"drawMode":0,"name":"Shaded","section":"Shading Mode"},"sceneLighting":false,"audioPlay":false,"sceneViewState":{"m_AlwaysRefresh":false,"showFog":true,"showSkybox":false,"showFlares":true,"showImageEffects":true,"showParticleSystems":true,"showVisualEffectGraphs":true,"m_FxEnabled":true},"in2DMode":false,"pivot":{"x":9.43636703491211,"y":5.370420455932617,"z":24.526506423950197},"rotation":{"x":0.008686614222824574,"y":0.02609512209892273,"z":0.00022590234584640712,"w":-0.9996318221092224},"size":13.897339820861817,"orthographic":false}