{"cameraMode":{"drawMode":0,"name":"Shaded","section":"Shading Mode"},"sceneLighting":false,"audioPlay":false,"sceneViewState":{"m_AlwaysRefresh":false,"showFog":true,"showSkybox":false,"showFlares":true,"showImageEffects":true,"showParticleSystems":true,"showVisualEffectGraphs":true,"m_FxEnabled":true},"in2DMode":false,"pivot":{"x":-3.7566752433776857,"y":2.1396751403808595,"z":-6.3401970863342289},"rotation":{"x":-0.058714814484119418,"y":-0.3100828528404236,"z":0.019191980361938478,"w":-0.9487115144729614},"size":0.10521786659955979,"orthographic":false}