{"cameraMode":{"drawMode":0,"name":"Shaded","section":"Shading Mode"},"sceneLighting":false,"audioPlay":false,"sceneViewState":{"m_AlwaysRefresh":false,"showFog":true,"showSkybox":false,"showFlares":true,"showImageEffects":true,"showParticleSystems":true,"showVisualEffectGraphs":true,"m_FxEnabled":true},"in2DMode":false,"pivot":{"x":-3.544372797012329,"y":1.1055586338043213,"z":-13.656441688537598},"rotation":{"x":-0.027117742225527765,"y":-0.1175851970911026,"z":0.0032132137566804888,"w":-0.99269700050354},"size":0.0010173205519095064,"orthographic":false}